id;nome;endereco;bairro;cep;cidade;estado;telefone
1;AI;Cotton SSL orchestration;Refined Frozen Tuna deposit invoice;bandwidth-monitored;Agent;protocol deposit;monitor payment
2;feed Taiwan synthesize;SMTP panel Licensed;e-enable;Christmas Island;Data incubate;Sierra Leone withdrawal;Intelligent Concrete Gloves Soap Personal Loan Account
3;Wyoming;New Mexico;mission-critical bifurcated compressing;Jewelery Awesome;Licensed Steel Car;Practical Concrete Pizza;Universal Outdoors
4;invoice Cambridgeshire Berkshire;Music AI sensor;ubiquitous virtual;copy Synchronised Rustic;payment complexity RAM;Associate CSS benchmark;Incredible
5;mesh;experiences;Fresh magenta Legacy;Plastic;Soap paradigms envisioneer;Web invoice;program index
6;Fields communities Consultant;infrastructures;back-end Fiji Dollar;withdrawal;architecture Kroon;orchid Avon;backing up
7;monetize;Borders Louisiana;deliver Credit Card Account Digitized;6th generation calculating;TCP;invoice;Berkshire Applications Unbranded
8;multi-state Identity Refined Cotton Bacon;bypassing;web-enabled regional;bypassing;Avon Bedfordshire Ports;Kwanza;strategic
9;mint green;Mississippi Handcrafted Plastic Chips;mint green markets;Path ADP neutral;1080p Grocery Awesome;Bedfordshire;Bedfordshire Cross-group
10;Director;override Personal Loan Account;Maryland bus navigating;calculate;Intelligent Granite Pizza red Highway;Table Barbados solid state;Savings Account
